{"lr": 0.01, "filter_size": 3, "num_filters": 16, "batch_size": 64, "learning_curve": [[0.9278846153846154, 0.9522235576923077, 0.9603365384615384, 0.965645032051282, 0.9682491987179487, 0.9706530448717948, 0.9723557692307693, 0.9743589743589743, 0.9768629807692307, 0.9786658653846154, 0.9806690705128205, 0.9811698717948718]], "test_error": 0.056991711258888245}