{"batch_size": 64, "filter_size": 3, "lr": 0.001, "learning_curve": [[0.8763020833333334, 0.9086538461538461, 0.9212740384615384, 0.9282852564102564, 0.9347956730769231, 0.9379006410256411, 0.9437099358974359, 0.9479166666666666, 0.9508213141025641, 0.9535256410256411, 0.9558293269230769, 0.9576322115384616]], "test_error": 0.15056464076042175, "num_filters": 16}