{"batch_size": 64, "num_filters": 16, "test_error": 0.4511345624923706, "lr": 0.0001, "learning_curve": [[0.30879407051282054, 0.4479166666666667, 0.5321514423076923, 0.6114783653846154, 0.6852964743589743, 0.7554086538461539, 0.8052884615384616, 0.8318309294871795, 0.8522636217948718, 0.8666866987179487, 0.8771033653846154, 0.8846153846153846]], "filter_size": 3}