{"filter_size": 3, "test_error": 0.04375026747584343, "lr": 0.1, "num_filters": 16, "learning_curve": [[0.9803685897435898, 0.985176282051282, 0.9866786858974359, 0.9860777243589743, 0.9869791666666666, 0.9877804487179487, 0.9879807692307693, 0.987479967948718, 0.9886818910256411, 0.9888822115384616, 0.9872796474358975, 0.9891826923076923]], "batch_size": 64}