{"test_error": 0.03871270269155502, "batch_size": 64, "num_filters": 16, "lr": 0.1, "learning_curve": [[0.9802684294871795, 0.9852764423076923, 0.9864783653846154, 0.9872796474358975, 0.98828125, 0.9880809294871795, 0.987479967948718, 0.9885817307692307, 0.9901842948717948, 0.9880809294871795, 0.9888822115384616, 0.9886818910256411]], "filter_size": 3}