{"lr": 0.1, "filter_size": 1, "batch_size": 64, "num_filters": 16, "learning_curve": [[0.9786658653846154, 0.9848758012820513, 0.9857772435897436, 0.9878806089743589, 0.9888822115384616, 0.9909855769230769, 0.9900841346153846, 0.9898838141025641, 0.9903846153846154, 0.9893830128205128, 0.989082532051282, 0.9905849358974359]], "test_error": 0.040555909276008606}