{"lr": 0.1, "learning_curve": [[0.9789663461538461, 0.984375, 0.9863782051282052, 0.9868790064102564, 0.9876802884615384, 0.9881810897435898, 0.9892828525641025, 0.9892828525641025, 0.9886818910256411, 0.9891826923076923, 0.9881810897435898, 0.9895833333333334]], "test_error": 0.03737661987543106, "num_filters": 16, "filter_size": 7, "batch_size": 64}