{"num_filters": 16, "batch_size": 64, "lr": 0.1, "filter_size": 5, "test_error": 0.046313509345054626, "learning_curve": [[0.9799679487179487, 0.9844751602564102, 0.9855769230769231, 0.9867788461538461, 0.9875801282051282, 0.9885817307692307, 0.9884815705128205, 0.98828125, 0.9877804487179487, 0.9875801282051282, 0.9892828525641025, 0.9897836538461539]]}